{
    "total_return": 0.07526052613193236,
    "annual_return": 0.903128314704991,
    "volatility": 1.1354139189952484,
    "sharpe_ratio": 0.4444891043115606,
    "max_drawdown": -0.9941995455366097,
    "daily_mean_arithmetic": 0.002018716463508307,
    "daily_mean_geometric": -0.0005910936930763055,
    "daily_min_return": -0.41785431376480975,
    "max_10day_drawdown": -0.9941995455366097,
    "skewness": 0.057047444250171365,
    "kurtosis": 4.569858989019711,
    "modified_var_95": -0.01492459286735752,
    "cvar_95": -0.16296618816320607,
    "num_trades": 908,
    "num_failures": 0
}