{
    "total_return": 0.008222683688825613,
    "annual_return": 0.827704128613121,
    "volatility": 1.2049000358878816,
    "sharpe_ratio": 0.38272462834217724,
    "max_drawdown": -0.9995866051642971,
    "daily_mean_arithmetic": 0.001844579673698662,
    "daily_mean_geometric": -0.0010967372613966964,
    "daily_min_return": -0.43308172160782926,
    "max_10day_drawdown": -0.9995866051642971,
    "skewness": 0.07502403800138575,
    "kurtosis": 4.218173354715522,
    "modified_var_95": -0.023724549942906292,
    "cvar_95": -0.17265339288287002,
    "num_trades": 908,
    "num_failures": 0
}