{
    "total_return": 0.027907993606777495,
    "annual_return": 0.8685189327242685,
    "volatility": 1.1416677676632123,
    "sharpe_ratio": 0.4015673986472764,
    "max_drawdown": -0.9991321896220466,
    "daily_mean_arithmetic": 0.0018338262223198374,
    "daily_mean_geometric": -0.0008176865684421664,
    "daily_min_return": -0.52182843980578,
    "max_10day_drawdown": -0.9991321896220466,
    "skewness": -0.016997130263114234,
    "kurtosis": 4.367772897272323,
    "modified_var_95": -0.04068960124877968,
    "cvar_95": -0.16582553059141536,
    "num_trades": 908,
    "num_failures": 0
}