{
    "total_return": 0.02711879539479343,
    "annual_return": 0.8675381401606549,
    "volatility": 1.2310667114168081,
    "sharpe_ratio": 0.4558822718841003,
    "max_drawdown": -0.9983324659487921,
    "daily_mean_arithmetic": 0.0022448859569663302,
    "daily_mean_geometric": -0.0008242380112509773,
    "daily_min_return": -0.42368316895557095,
    "max_10day_drawdown": -0.9983324659487921,
    "skewness": 0.10714157406293118,
    "kurtosis": 4.5532662153123065,
    "modified_var_95": -0.010841824835209221,
    "cvar_95": -0.1762819449145621,
    "num_trades": 908,
    "num_failures": 0
}