{
    "total_return": 0.03206726793857793,
    "annual_return": 0.8732844787247015,
    "volatility": 1.0919316391210148,
    "sharpe_ratio": 0.37708191123902507,
    "max_drawdown": -0.9981718230676633,
    "daily_mean_arithmetic": 0.0016469906776884547,
    "daily_mean_geometric": -0.0007859582778824148,
    "daily_min_return": -0.43308263787872986,
    "max_10day_drawdown": -0.9981718230676633,
    "skewness": -0.11767146419719202,
    "kurtosis": 4.700561707955904,
    "modified_var_95": -0.05805231629652076,
    "cvar_95": -0.16079320273224335,
    "num_trades": 908,
    "num_failures": 0
}