{
    "total_return": 0.16242298329820634,
    "annual_return": 0.9309115963374596,
    "volatility": 1.1678904129225558,
    "sharpe_ratio": 0.5001948177489816,
    "max_drawdown": -0.9983615677286278,
    "daily_mean_arithmetic": 0.0023366909289703223,
    "daily_mean_geometric": -0.00041535402256698273,
    "daily_min_return": -0.4236860017763,
    "max_10day_drawdown": -0.9983615677286278,
    "skewness": 0.1592391300936201,
    "kurtosis": 4.963905873201099,
    "modified_var_95": 0.01854152284531728,
    "cvar_95": -0.1645929231340379,
    "num_trades": 908,
    "num_failures": 0
}