{
    "total_return": 0.4719475873544259,
    "annual_return": 0.9708566363424642,
    "volatility": 1.2072852939724878,
    "sharpe_ratio": 0.5724611687583409,
    "max_drawdown": -0.9965283042963866,
    "daily_mean_arithmetic": 0.0027644958016489907,
    "daily_mean_geometric": -0.00017161666493004102,
    "daily_min_return": -0.42368316895557095,
    "max_10day_drawdown": -0.9965283042963866,
    "skewness": 0.17092221500922763,
    "kurtosis": 4.460829874059844,
    "modified_var_95": 0.00818673578550623,
    "cvar_95": -0.169005753060233,
    "num_trades": 908,
    "num_failures": 0
}