{
    "total_return": 0.15504854970610238,
    "annual_return": 0.9292093806502918,
    "volatility": 1.1961732768185798,
    "sharpe_ratio": 0.5137587024806263,
    "max_drawdown": -0.9972678297416467,
    "daily_mean_arithmetic": 0.00245817772256125,
    "daily_mean_geometric": -0.0004259702745351701,
    "daily_min_return": -0.516670710773935,
    "max_10day_drawdown": -0.9972678297416467,
    "skewness": 0.21066828923721834,
    "kurtosis": 5.049292237379635,
    "modified_var_95": 0.03198352614597426,
    "cvar_95": -0.1678793878100781,
    "num_trades": 908,
    "num_failures": 0
}