{
    "total_return": 0.047433419212715155,
    "annual_return": 0.8868551724214766,
    "volatility": 1.1163754879704562,
    "sharpe_ratio": 0.4123019149931025,
    "max_drawdown": -0.9990183037792202,
    "daily_mean_arithmetic": 0.0018411350061663134,
    "daily_mean_geometric": -0.0006965409031430836,
    "daily_min_return": -0.4800851249229374,
    "max_10day_drawdown": -0.9990183037792202,
    "skewness": -0.05386558405441685,
    "kurtosis": 4.5866735375971315,
    "modified_var_95": -0.044458326114780664,
    "cvar_95": -0.1629766659875174,
    "num_trades": 908,
    "num_failures": 0
}