{
    "total_return": 0.1640847024596928,
    "annual_return": 0.9312849023450634,
    "volatility": 1.2154332886760835,
    "sharpe_ratio": 0.5276213252777888,
    "max_drawdown": -0.9966760642848277,
    "daily_mean_arithmetic": 0.0025651540902320662,
    "daily_mean_geometric": -0.00041302839595236396,
    "daily_min_return": -0.4586146859674114,
    "max_10day_drawdown": -0.9966760642848277,
    "skewness": 0.17003356024991784,
    "kurtosis": 4.449254767615095,
    "modified_var_95": 0.006860501173710218,
    "cvar_95": -0.17035709830527535,
    "num_trades": 908,
    "num_failures": 0
}