{
    "total_return": 0.13045221387133915,
    "annual_return": 0.9229088141088629,
    "volatility": 1.1878848705797618,
    "sharpe_ratio": 0.5001522213968859,
    "max_drawdown": -0.9979436310079917,
    "daily_mean_arithmetic": 0.0023764930271368803,
    "daily_mean_geometric": -0.0004654341196932421,
    "daily_min_return": -0.516670710773935,
    "max_10day_drawdown": -0.9979436310079917,
    "skewness": 0.22551002719670532,
    "kurtosis": 4.917889991021579,
    "modified_var_95": 0.034602371252828515,
    "cvar_95": -0.16426688417294194,
    "num_trades": 908,
    "num_failures": 0
}