{
    "total_return": 0.19830553509495838,
    "annual_return": 0.9382594373670674,
    "volatility": 1.185549235499981,
    "sharpe_ratio": 0.5198740412868746,
    "max_drawdown": -0.9971413401553102,
    "daily_mean_arithmetic": 0.0024653450888157593,
    "daily_mean_geometric": -0.0003697479306337126,
    "daily_min_return": -0.5028535236821052,
    "max_10day_drawdown": -0.9971413401553102,
    "skewness": 0.20151436107425189,
    "kurtosis": 5.369641347856273,
    "modified_var_95": 0.03657591987041092,
    "cvar_95": -0.16711165465328978,
    "num_trades": 908,
    "num_failures": 0
}