{
    "total_return": 0.020998058676193747,
    "annual_return": 0.8588411376524019,
    "volatility": 1.22578071234927,
    "sharpe_ratio": 0.4381328825703574,
    "max_drawdown": -0.9998256436926957,
    "daily_mean_arithmetic": 0.002148219347602927,
    "daily_mean_geometric": -0.00088265601027393,
    "daily_min_return": -0.42368316895557095,
    "max_10day_drawdown": -0.9998256436926957,
    "skewness": 0.178178793564211,
    "kurtosis": 4.568120400314582,
    "modified_var_95": 0.010386788221373608,
    "cvar_95": -0.17333406062612722,
    "num_trades": 907,
    "num_failures": 1
}