{
    "total_return": 0.015019452003518053,
    "annual_return": 0.8475801897529031,
    "volatility": 1.1823646825626526,
    "sharpe_ratio": 0.3955515057942068,
    "max_drawdown": -0.9991732408257997,
    "daily_mean_arithmetic": 0.0018707445223421864,
    "daily_mean_geometric": -0.0009591760660467852,
    "daily_min_return": -0.5095286929550092,
    "max_10day_drawdown": -0.9991732408257997,
    "skewness": 0.11481667105752978,
    "kurtosis": 4.6939019802608515,
    "modified_var_95": -0.0008730575541219948,
    "cvar_95": -0.16805954661944597,
    "num_trades": 908,
    "num_failures": 0
}