{
    "total_return": 0.1925347832395115,
    "annual_return": 0.9371686590823896,
    "volatility": 1.1909154188977644,
    "sharpe_ratio": 0.5221282893204781,
    "max_drawdown": -0.9969630159855472,
    "daily_mean_arithmetic": 0.0024872425215778818,
    "daily_mean_geometric": -0.00037649561045882685,
    "daily_min_return": -0.5028535236821052,
    "max_10day_drawdown": -0.9969630159855472,
    "skewness": 0.18613100934614277,
    "kurtosis": 5.224891596424582,
    "modified_var_95": 0.02883807318492068,
    "cvar_95": -0.16658853406766164,
    "num_trades": 908,
    "num_failures": 0
}